[
    {
        "name":"Vishruth",
        "ratings":[
            {
                
                "field":"Java",
                "Rating":"3"
            },
            {
                "field":"C++",
                "Rating":"4"
            },
            {
                "field":"C",
                "Rating":"2"
            },
            {
                "field":"Python",
                "Rating":"2"
            },
            {
                "field":"Perl",
                "Rating":"3"
            }
        ]
    },
    {
        "name":"Valandas",
        "ratings":[
            {
                
                "field":"C++",
                "Rating":"5"
            },
            {
                "field":"Java",
                "Rating":"5"
            },
            {
                "field":"Python",
                "Rating":"3"
            },
            {
                "field":"Perl",
                "Rating":"5"
            },
            {
                "field":"Cobal",
                "Rating":"5"
            }
        ]
    }

]